{"fonts/nikosh.ttf":["fonts/nikosh.ttf"],"fonts/noto_serif.ttf":["fonts/noto_serif.ttf"],"fonts/solaimanlipi.ttf":["fonts/solaimanlipi.ttf"],"images/1bidhan.jpg":["images/1bidhan.jpg"],"images/account/bank_transestion.png":["images/account/bank_transestion.png"],"images/account/bbtr.png":["images/account/bbtr.png"],"images/account/cash_view.png":["images/account/cash_view.png"],"images/account/ccttr.png":["images/account/ccttr.png"],"images/account/customer_payments.png":["images/account/customer_payments.png"],"images/account/cv.png":["images/account/cv.png"],"images/account/spayment.png":["images/account/spayment.png"],"images/account/supplier_payment.png":["images/account/supplier_payment.png"],"images/administator/custom.png":["images/administator/custom.png"],"images/administator/ppee.png":["images/administator/ppee.png"],"images/administator/ppll.png":["images/administator/ppll.png"],"images/administator/ssee.png":["images/administator/ssee.png"],"images/app_image.png":["images/app_image.png"],"images/app_logo.png":["images/app_logo.png"],"images/bank.png":["images/bank.png"],"images/bsheet.png":["images/bsheet.png"],"images/business/bank.png":["images/business/bank.png"],"images/business/cdue.png":["images/business/cdue.png"],"images/business/cln.png":["images/business/cln.png"],"images/business/dollar.png":["images/business/dollar.png"],"images/business/tds.png":["images/business/tds.png"],"images/cdlist.png":["images/cdlist.png"],"images/cpreport.png":["images/cpreport.png"],"images/ctrans.png":["images/ctrans.png"],"images/purchase/pcrd.png":["images/purchase/pcrd.png"],"images/purchase/reord.png":["images/purchase/reord.png"],"images/purchase/sdr.png":["images/purchase/sdr.png"],"images/report/bledger.png":["images/report/bledger.png"],"images/report/blnc.png":["images/report/blnc.png"],"images/report/customer_due_list.png":["images/report/customer_due_list.png"],"images/report/customer_payment_report.png":["images/report/customer_payment_report.png"],"images/report/ploss.png":["images/report/ploss.png"],"images/report/sales_record.png":["images/report/sales_record.png"],"images/report/stock_report.png":["images/report/stock_report.png"],"images/sales/customer_entry.png":["images/sales/customer_entry.png"],"images/sales/purchase_entry.png":["images/sales/purchase_entry.png"],"images/sales/sales_entry.png":["images/sales/sales_entry.png"],"images/settings.png":["images/settings.png"],"images/supplierd.png":["images/supplierd.png"],"packages/cupertino_icons/assets/CupertinoIcons.ttf":["packages/cupertino_icons/assets/CupertinoIcons.ttf"],"packages/fluttertoast/assets/toastify.css":["packages/fluttertoast/assets/toastify.css"],"packages/fluttertoast/assets/toastify.js":["packages/fluttertoast/assets/toastify.js"]}